name,salary,age,location,bonus
Mia Wilson,196359,22,Detroit,44306
Jane Martin,138414,59,Baltimore,22406
John Walker,108025,65,Nashville,9468
Xavier Jackson,190942,55,Kansas City,15144
Wendy Williams,79453,37,Atlanta,14390
David Miller,127223,57,Minneapolis,24156
Sophia Garcia,113298,49,Atlanta,21440
Zach Gonzalez,130851,39,Philadelphia,16628
Grace Garcia,175366,52,Minneapolis,19417
Bob Rodriguez,137167,30,Philadelphia,21183
David Hall,156860,50,Baltimore,28271
Frank Robinson,69496,29,Austin,18814
Uma Davis,138223,40,Tampa,30141
Olivia Lopez,145041,55,Baltimore,23236
Xavier Jackson,125139,28,Atlanta,15369
Xavier Lewis,113485,36,St. Louis,8725
Quinn Robinson,66353,44,Los Angeles,3833
Bob White,144752,49,Miami,21573
Frank Thompson,160761,23,Baltimore,11938
Frank Clark,141453,55,Baltimore,11917
Jack Perez,133381,33,Nashville,23447
Yara Miller,55985,29,Houston,4963
Yara Robinson,96469,34,Tampa,6025
Alice Garcia,94342,40,New York,9214
Yara Lopez,108177,35,Philadelphia,15570
Grace Lee,103802,27,Austin,8662
Leo White,82979,54,Tampa,15396
Grace Clark,52789,53,Philadelphia,4039
Emma Lee,161048,39,Portland,41862
Grace Thompson,129303,39,Nashville,18554
Jane Garcia,136619,64,New York,10517
Grace Smith,127484,52,Kansas City,6904
Peter Robinson,90306,32,San Diego,12893
Grace Thompson,61217,63,Boston,16997
Jane Moore,151009,47,Chicago,11647
Mia Perez,178213,64,Tampa,22830
Thomas Martinez,85330,42,Dallas,14929
Xavier Williams,150990,26,Pittsburgh,15101
Peter Hernandez,153235,32,Houston,27801
Kate Jones,177214,47,San Francisco,25369
Mia Thomas,156354,40,San Francisco,27166
Ivy Lee,92801,57,San Francisco,11235
Yara Martin,75016,64,Washington DC,9410
Yara Anderson,63553,45,Chicago,6185
Uma Walker,169302,50,Los Angeles,35557
Ryan Brown,84620,37,St. Louis,12360
Noah Lopez,96931,41,Miami,28862
Grace Jackson,135369,27,Houston,10015
Victor Wilson,135372,30,Tampa,14520
Thomas Lee,107563,56,Cincinnati,11508
Jack Robinson,149907,41,Cleveland,11132
Xavier Clark,123516,59,Chicago,20370
Kate Davis,83729,63,St. Louis,14014
Kate Perez,199239,38,Nashville,10053
Peter Thompson,85393,58,Detroit,20394
Zach White,54029,42,Seattle,14229
Jane Hall,165538,42,Philadelphia,16255
Thomas Brown,190938,27,Atlanta,15365
Yara Jones,74986,55,San Francisco,14183
Ivy Martin,199757,57,Houston,26770
Peter Martinez,78689,33,Atlanta,4135
Xavier White,56119,25,Austin,6072
Henry Martinez,94627,61,Kansas City,24700
Peter Harris,136182,58,Cleveland,17980
Jack Hernandez,86564,54,San Francisco,15530
Alice White,54765,60,Charlotte,4465
Yara Taylor,162873,40,Houston,25628
Grace Robinson,177649,30,Portland,29013
Grace Moore,85922,24,Philadelphia,23708
Bob Walker,198987,45,Orlando,45545
Alice Martinez,141199,29,Detroit,13183
Frank Lopez,140707,43,Boston,17708
Kate Garcia,134355,42,St. Louis,9161
Mia Clark,52028,41,Cleveland,5339
Frank Johnson,181813,29,Cincinnati,14139
Jack Wilson,78778,31,Tampa,13834
Bob Hall,65838,34,St. Louis,3401
Xavier Rodriguez,190689,25,Austin,32614
Frank Garcia,55201,23,Cincinnati,5604
Henry Moore,101813,22,Nashville,9983
Uma Brown,112874,48,San Diego,27734
Yara Jones,135891,52,San Francisco,32974
Thomas Jones,72652,23,San Francisco,8615
Noah Hernandez,99747,64,Orlando,21188
Ivy Garcia,99496,58,Baltimore,24849
Jane Robinson,141414,22,Chicago,19170
Peter Brown,116200,45,Cleveland,14904
Sophia Lopez,69281,26,Atlanta,4642
Mia Jones,72626,48,St. Louis,9725
Mia Miller,192825,33,Baltimore,17363
John Lee,118351,44,Houston,8020
Henry Davis,51547,44,Atlanta,7092
Jack Jones,61257,55,Charlotte,11490
Grace Johnson,54886,40,Atlanta,6948
Quinn Garcia,171921,30,Orlando,9176
Leo Perez,158067,42,Indianapolis,16006
John Thomas,113119,48,San Francisco,11803
Jack Wilson,110902,56,Phoenix,14093
Xavier Walker,171015,28,Portland,17079
Henry Smith,96503,54,Phoenix,15334
David Robinson,125158,33,Nashville,7313
Thomas Perez,106532,56,Denver,5711
Wendy Thompson,177621,63,Cleveland,18948
Emma Hall,101356,32,Los Angeles,15525
Zach Anderson,82447,24,Miami,4996
Xavier White,118125,43,Atlanta,15581
Jack Jackson,118043,55,Denver,13208
Grace Robinson,137078,55,Cincinnati,30384
Jack Gonzalez,104567,23,St. Louis,5372
Yara Smith,60479,44,Miami,6911
Ivy Jackson,67172,48,Cincinnati,7325
Mia Lewis,142155,40,Charlotte,13149
Emma Jones,155485,53,Seattle,21967
Xavier Lewis,81348,59,Chicago,9434
Wendy Lopez,65743,35,Indianapolis,18191
Ivy Davis,61956,42,New York,14436
Ivy Lewis,172491,64,Portland,16602
Uma Martinez,67438,60,Nashville,9668
Emma Thompson,152841,53,Miami,37027
John Robinson,168653,48,Seattle,30974
Bob Lopez,157252,48,Charlotte,45269
John White,95077,44,Orlando,11965
Ryan Gonzalez,129873,36,Minneapolis,9479
Charlie Martinez,147921,63,St. Louis,33952
Mia Hall,137115,60,Dallas,10384
Uma Williams,183994,36,New York,33917
Yara Lopez,175738,24,Nashville,38330
John Harris,165146,37,Minneapolis,9651
Quinn Jones,55966,31,Los Angeles,8610
Leo Gonzalez,111591,22,Kansas City,7529
Kate Clark,180079,50,Boston,21694
Victor Martin,114732,43,Baltimore,14168
Noah Martinez,181473,64,Detroit,15255
Bob Lee,80630,29,Baltimore,13598
Jane Lewis,169148,37,Houston,28155
Alice White,176160,29,San Diego,32311
Charlie Taylor,189263,23,Minneapolis,25217
Mia Gonzalez,168753,50,Austin,27038
Ivy White,98502,39,San Diego,23130
Ryan Rodriguez,62599,41,Phoenix,10862
Ryan Hall,171822,40,Pittsburgh,14580
Zach Anderson,68867,44,Baltimore,6674
Frank Taylor,72377,42,Denver,5033
Grace Robinson,189085,56,Los Angeles,18985
Henry Hernandez,55700,49,Charlotte,5722
Jane Martinez,88863,46,Charlotte,8545
Ivy Hall,101880,23,Seattle,18801
Wendy Moore,187003,38,Nashville,42008
Olivia Walker,160451,33,Phoenix,23254
Kate Anderson,170679,56,Austin,30569
Sophia Martinez,103929,61,Austin,29296
Noah Harris,101089,36,Minneapolis,13530
Bob Davis,188813,46,Atlanta,34690
Mia Moore,128862,54,Tampa,8890
Uma Davis,140208,49,Houston,24402
Peter Martin,171069,62,Portland,9734
Zach Gonzalez,168710,65,Washington DC,9537
Jane Brown,196834,29,Boston,31842
Olivia Walker,96355,62,Seattle,10637
Grace Gonzalez,100852,39,Tampa,28294
John Perez,177320,62,Boston,14471
Uma Williams,74265,29,Indianapolis,12401
Xavier Hall,190452,47,Baltimore,50199
Peter Rodriguez,182338,34,Houston,44143
Xavier Thompson,105463,54,Minneapolis,11903
Charlie Rodriguez,109164,54,Charlotte,10407
Grace Rodriguez,168941,23,Orlando,10151
Grace Brown,97149,59,New York,13118
Ryan Moore,139661,65,Charlotte,21160
Yara Robinson,96923,60,New York,5149
Mia Perez,80703,28,Chicago,8170
Xavier Jackson,170857,58,Portland,26237
Kate Miller,170373,24,Phoenix,11177
Emma Martin,84599,29,Cleveland,24105
David Brown,151854,63,Detroit,41893
Sophia Williams,101459,41,Charlotte,14585
Bob Anderson,193765,43,St. Louis,35501
Leo Walker,136240,45,Minneapolis,23585
Yara Miller,113184,44,Houston,29425
Olivia Lee,195745,31,Philadelphia,35376
Jane Miller,169939,30,Philadelphia,45380
Victor Moore,122842,61,Cleveland,35814
Grace Gonzalez,76867,35,New York,12763
Wendy Thomas,158428,53,Minneapolis,25584
David Thomas,114297,61,Orlando,20636
Sophia Perez,196276,40,Atlanta,24854
Thomas Perez,117446,43,Cincinnati,26076
Grace Smith,175387,36,Minneapolis,9699
Victor Gonzalez,72356,38,San Francisco,10228
Ivy Jones,130109,44,Nashville,10234
Olivia Thompson,99765,33,San Francisco,15161
Ryan Thompson,110248,62,Atlanta,15755
Emma Rodriguez,60378,36,Detroit,11459
Grace White,93059,49,Baltimore,6480
Bob Walker,71937,41,Austin,7007
Ivy White,115612,55,Phoenix,13699
Thomas Perez,91569,22,Austin,4587
John Williams,134781,61,Houston,22173
Sophia Lopez,192868,33,Boston,53780
Olivia Walker,56084,52,Seattle,9810
Frank Garcia,124451,28,Denver,22100
Quinn Wilson,52429,53,New York,6961
Yara Lewis,138618,45,Indianapolis,15438
Uma Martin,89474,32,Chicago,23078
Charlie Thomas,55348,22,Phoenix,4321
Sophia White,171612,51,Pittsburgh,14310
Jane Martinez,107049,26,Minneapolis,12887
Kate Thomas,85302,55,Dallas,8475
David Wilson,106999,35,Los Angeles,10417
Victor Davis,110514,54,Atlanta,6905
Peter Lopez,155718,33,Indianapolis,36456
Bob Brown,199406,39,Los Angeles,16650
Quinn Gonzalez,108449,58,Philadelphia,6937
Leo Harris,91818,29,St. Louis,6623
Sophia Taylor,149089,60,Minneapolis,25460
Bob Johnson,155208,52,Miami,17314
Peter Jackson,143864,57,Dallas,18690
Jane Gonzalez,114140,43,Washington DC,14289
Grace Miller,132479,33,Philadelphia,13240
Emma Thomas,163569,25,Los Angeles,15503
Olivia Anderson,185593,56,Cincinnati,16788
Peter Walker,150500,25,Detroit,27810
Leo Thomas,77438,31,Nashville,6724
Emma Jackson,112897,53,Orlando,18553
Thomas Davis,136851,33,Chicago,12183
Alice Martinez,123340,61,Nashville,9127
Ryan White,167677,28,Tampa,23330
Leo Johnson,129115,65,Los Angeles,12331
Ryan Martin,113448,40,Chicago,5730
Yara Wilson,55798,40,Chicago,2829
Quinn Hernandez,180386,48,Nashville,20957
Wendy Jones,89363,59,Indianapolis,8244
Uma Garcia,183434,62,Atlanta,10690
Mia Jones,125031,41,Chicago,11790
Jane Johnson,178735,26,Indianapolis,43289
Peter Perez,194014,46,Houston,28227
Mia Martinez,62669,51,Boston,7214
Jane Davis,115185,60,Los Angeles,24223
Xavier Miller,89137,34,Baltimore,14250
Ryan Brown,50716,22,New York,13245
Wendy Johnson,52208,63,San Francisco,5706
Alice Lewis,162340,61,Seattle,20472
Frank Johnson,176834,37,Denver,33322
Yara Hall,76445,59,Charlotte,16481
Frank Davis,159099,51,Baltimore,18406
David Smith,186285,38,Los Angeles,35146
Olivia Moore,176749,40,Pittsburgh,46984
Ivy Moore,188499,43,Los Angeles,42155
Kate Miller,104790,62,Miami,8052
Jane Lopez,74997,53,Austin,4689
Ryan Johnson,166145,55,Atlanta,43863
Emma Walker,141976,57,Pittsburgh,18386
Sophia Lopez,146584,47,Minneapolis,11766
Jack Moore,136776,57,Orlando,12609
Thomas White,137039,46,Dallas,11440
David Perez,114024,63,Washington DC,17212
Xavier Wilson,73842,57,Boston,9578
Henry Williams,175914,30,Boston,9897
Emma Perez,129991,47,Houston,19622
John Taylor,174657,27,Indianapolis,27307
Frank Gonzalez,157508,65,Phoenix,13640
Leo Martinez,137919,51,Washington DC,19986
Bob Robinson,198377,62,New York,32107
Xavier White,158875,55,Minneapolis,12330
Noah Lopez,71895,55,Pittsburgh,12869
Emma Anderson,195216,40,Atlanta,13979
Ryan Thomas,116506,37,Baltimore,13480
David Garcia,141203,23,Los Angeles,24999
Sophia Garcia,143254,45,Austin,11762
Emma Johnson,71439,43,Kansas City,13370
Olivia Lewis,122167,24,Pittsburgh,7784
Xavier Williams,126838,38,Charlotte,33543
Wendy Robinson,172082,37,Philadelphia,19390
Peter Perez,77206,46,Phoenix,4406
David Davis,64073,36,Kansas City,10797
Ryan Miller,133004,35,Indianapolis,16195
Uma Lee,182942,39,Dallas,19837
Uma Miller,132621,46,Nashville,10072
John Jones,97907,62,San Diego,8705
Ivy Smith,175919,57,Baltimore,25823
Quinn Lee,75897,50,St. Louis,9538
Leo Taylor,89413,65,Austin,16303
Kate Anderson,167090,23,San Francisco,15666
Frank Gonzalez,189031,22,Atlanta,22487
Jane Davis,71787,41,Kansas City,6437
Jack Jackson,190024,27,Detroit,42488
Bob Martinez,159015,53,Los Angeles,26013
Alice Miller,107485,42,Austin,12833
Ryan Davis,125590,27,Houston,15634
Mia Thomas,141978,57,New York,41168
Leo Moore,163268,38,Portland,13165
Henry Lewis,51237,38,Indianapolis,9229
Jane Davis,176140,30,Baltimore,13041
Zach Moore,102361,61,Denver,12444
Thomas Brown,139281,50,Chicago,14167
Olivia Moore,172922,34,Houston,24179
Mia Brown,194329,61,Tampa,31465
Zach Wilson,118611,63,St. Louis,13614
Yara Clark,154533,22,Kansas City,21412
Quinn Rodriguez,178539,32,Cleveland,22786
Noah Lewis,149559,42,Washington DC,16293
Mia Robinson,65344,61,Austin,10332
Victor Hall,165110,44,Seattle,20139
Wendy Lee,92663,22,San Francisco,13866
Kate Taylor,172971,41,Charlotte,24599
Zach Perez,175270,33,Orlando,29813
Frank Rodriguez,160611,23,Seattle,14038
Wendy Lopez,74384,31,Nashville,21432
Kate Jones,54089,36,Baltimore,4433
Yara Gonzalez,92983,28,Dallas,22378
Yara Lewis,116684,25,Atlanta,26591
Jane Wilson,132534,26,Dallas,28354
Emma Walker,59360,47,Indianapolis,10460
Frank Lopez,194632,25,Minneapolis,10697
Bob Hall,181731,49,Pittsburgh,11579
Ivy Thompson,174646,64,San Diego,47818
Yara Jackson,177050,42,Seattle,19809
Leo Lewis,177692,50,Pittsburgh,19533
Ivy Clark,89902,40,Houston,22565
Yara Rodriguez,145853,51,Indianapolis,17182
Kate Jones,178851,35,Houston,29354
Emma Wilson,113937,48,Baltimore,13569
Alice Johnson,142050,45,Indianapolis,36280
Bob Thompson,157555,40,San Francisco,29129
Alice Thompson,132463,45,Pittsburgh,25033
Bob Williams,183807,42,Tampa,12099
Henry Smith,67233,63,Miami,7583
Bob Martin,142598,29,Tampa,18094
Yara Walker,116354,37,Baltimore,7025
Alice Jackson,191280,28,Houston,35286
Thomas Thomas,62375,42,Minneapolis,8509
Ryan Robinson,98100,33,Minneapolis,10231
Thomas Harris,99620,63,Washington DC,9786
Mia Hernandez,157276,64,Los Angeles,21700
David Thomas,78386,65,Atlanta,4099
Zach Rodriguez,141828,27,Charlotte,32143
Leo Jones,66521,42,Washington DC,9453
Victor Jones,109339,65,Atlanta,19826
Emma Martinez,133351,44,Cleveland,23336
Frank Anderson,192363,25,Portland,15083
Jane White,130132,65,Austin,23001
Henry Gonzalez,66548,63,Charlotte,9582
Charlie Brown,199248,34,Seattle,25432
Ivy Hernandez,68604,53,Minneapolis,6816
Yara Martin,188754,63,Nashville,22446
Wendy Taylor,104948,34,Austin,18453
Grace Johnson,89873,61,San Francisco,4735
Ivy Hall,90154,48,Indianapolis,16065
Mia Wilson,93838,54,Chicago,6038
Mia Lee,185864,43,Philadelphia,33662
Jack Hall,104483,26,Orlando,6181
Thomas Johnson,112392,31,Atlanta,8697
Uma Robinson,123156,28,Nashville,6802
Peter Jackson,139366,55,Cleveland,23404
Mia White,179684,26,Miami,49899
Charlie Taylor,189425,26,Philadelphia,24466
Alice Lee,50005,37,New York,6878
John Jones,186969,32,San Diego,29216
Peter Martin,99983,48,Miami,15665
Thomas Harris,157925,64,Detroit,16278
Emma Wilson,105825,60,Los Angeles,16703
Thomas Hall,196186,43,Boston,10238
Zach Gonzalez,194098,56,Austin,15525
Kate Gonzalez,53953,54,San Diego,12481
Mia Brown,164918,28,Seattle,24829
Ryan Harris,85312,48,Portland,15325
Uma Johnson,123103,45,Kansas City,19844
Frank Thompson,58187,62,Nashville,9711
Alice Rodriguez,85591,37,Baltimore,5641
Yara Jackson,84893,36,San Diego,5327
Thomas Miller,183914,39,Chicago,16474
Yara Miller,186856,46,New York,13721
Charlie Smith,100808,56,Phoenix,17547
Grace Gonzalez,102814,29,Dallas,15551
Victor Walker,104009,65,Orlando,14526
Sophia Moore,58982,49,Boston,7787
Frank Lopez,153566,62,Tampa,29072
Grace Hall,183378,57,Austin,52569
Jack Miller,95007,46,Boston,5043
Grace Thompson,144648,37,Nashville,26743
Uma Lopez,121259,39,Washington DC,33354
Bob Wilson,171029,56,Baltimore,29610
Mia Davis,142793,34,San Diego,11003
Uma Smith,64899,42,Detroit,11543
Olivia Jackson,182391,46,Kansas City,34263
Victor Garcia,168750,35,Los Angeles,21584
Zach Garcia,69969,56,Tampa,9376
Alice Robinson,72173,48,Chicago,4485
Jane Hernandez,139324,22,Baltimore,23424
Sophia Walker,162656,65,Seattle,42415
Peter Miller,61710,53,Atlanta,17285
Peter Gonzalez,166327,36,Orlando,16499
Peter Moore,182721,32,Baltimore,21447
Henry Lee,121382,43,Pittsburgh,6990
Jack Jones,144264,54,Detroit,14791
Uma White,95532,53,Houston,13579
Sophia Lee,136404,43,Denver,12522
Jack Moore,73570,30,St. Louis,6691
Ivy Martinez,135177,52,Indianapolis,19896
Zach Smith,185749,30,Dallas,13102
Ivy Miller,81291,54,San Francisco,13602
Peter Thomas,108086,45,Tampa,8190
Yara White,73269,42,Baltimore,21327
Grace Clark,142409,28,Phoenix,20026
Yara Gonzalez,57041,30,Baltimore,6311
Grace Martin,75070,58,Minneapolis,8481
Wendy Smith,160511,45,Pittsburgh,28022
Jack Gonzalez,123725,28,St. Louis,9362
Kate Perez,51822,38,Orlando,7309
Ryan Williams,197833,60,Phoenix,21216
Peter White,76337,61,Austin,6812
Ivy Robinson,82223,33,Detroit,8280
Alice Johnson,94291,32,Pittsburgh,8275
John White,175993,65,Charlotte,25086
Yara Davis,119086,27,St. Louis,14212
Quinn Lewis,118594,46,Detroit,17382
Peter Smith,135538,36,Orlando,19816
Ryan Jackson,173985,55,Kansas City,16095
Leo Davis,160166,35,Minneapolis,22611
David Anderson,151401,59,San Diego,14421
Xavier Davis,115101,58,Nashville,11180
Jack Perez,94779,39,Denver,14437
Yara Lopez,186733,48,Indianapolis,17325
Jack Robinson,186053,65,Chicago,23069
David Davis,50367,27,Boston,13996
Xavier Lewis,122760,39,Tampa,17883
Xavier Lee,129705,50,Washington DC,21862
Sophia Perez,162026,25,Boston,9444
Wendy Martin,77824,42,Miami,6805
Jack Hall,87434,32,San Diego,6121
Quinn Taylor,79532,52,Indianapolis,6491
Noah Williams,180658,49,Tampa,32613
Uma Jones,165307,34,Los Angeles,29516
John Anderson,143169,45,Minneapolis,14531
Ivy Clark,85322,40,Detroit,8566
David Davis,132468,26,Los Angeles,23785
Peter Martinez,66316,27,Cincinnati,6076
John Brown,148385,57,Indianapolis,43394
Grace Taylor,141628,58,Tampa,20598
Thomas Jackson,176476,54,Philadelphia,28202
Bob Rodriguez,197569,46,Orlando,33257
Xavier Taylor,148299,30,Orlando,15684
David Lee,197030,46,San Diego,44186
Henry Clark,53845,39,Denver,10167
Olivia Lopez,106118,46,Tampa,11894
Jane Anderson,153432,24,Tampa,8974
Mia Lewis,56467,28,San Diego,15146
Frank Anderson,186601,52,San Diego,19342
Kate Garcia,162626,30,Pittsburgh,16101
Frank Anderson,132789,46,Baltimore,9414
Victor Clark,108598,45,Los Angeles,18879
Peter Lee,81238,38,Miami,5636
Quinn Hall,141582,36,Minneapolis,16754
Noah Gonzalez,145899,45,Chicago,18444
Thomas Perez,122749,50,Orlando,13826
Uma Hernandez,155766,56,Phoenix,15634
Ryan Lewis,115741,30,Austin,18216
Kate Smith,129161,58,Atlanta,9917
David Johnson,111146,35,Portland,14038
Olivia Lee,89129,41,Portland,9205
Yara Jones,103149,35,Baltimore,8539
Emma Harris,73305,63,Houston,15422
Emma Davis,56058,25,Washington DC,13812
David Martinez,133942,51,Cincinnati,23061
Zach Wilson,155498,47,New York,18172
Olivia Hall,96744,48,Philadelphia,17914
Emma Harris,84301,39,Chicago,18016
Thomas Martinez,77886,53,Denver,5971
Peter Johnson,187490,50,Charlotte,16303
David Lewis,143990,49,Los Angeles,26800
John Jones,98723,37,Phoenix,10335
Ryan Gonzalez,164008,47,Miami,16644
Charlie Smith,145776,62,Philadelphia,24641
John Williams,120542,45,Dallas,6338
John Robinson,162579,58,Indianapolis,30096
Ivy Garcia,107491,53,Philadelphia,24981
Victor Taylor,170853,32,San Francisco,16133
Xavier Thompson,159633,34,Houston,28135
Jane Lee,92894,22,Houston,9211
Zach White,148891,38,Philadelphia,17143
Yara Lee,81102,60,Phoenix,18102
Mia Gonzalez,53409,42,Dallas,4909
Kate White,133051,38,Baltimore,13136
Alice Clark,136169,40,Pittsburgh,10898
Emma Taylor,146081,41,Boston,26701
Mia Brown,163082,42,Detroit,12759
Noah Smith,197959,60,Los Angeles,20213
Leo Garcia,166563,31,Indianapolis,15549
Peter Thomas,147527,64,Boston,26233
John Walker,88414,37,Minneapolis,9624
Sophia Martinez,60615,27,Chicago,5790
Grace Garcia,159756,52,Nashville,29783
Victor Smith,57002,58,Minneapolis,10568
Thomas Smith,165244,35,Austin,11066
Ryan Martin,91331,49,Atlanta,7090
Ivy Clark,170861,35,Indianapolis,49567
Peter Thompson,54261,62,Cincinnati,7727
Xavier Perez,101797,52,Orlando,12813
Victor Hall,155159,34,Tampa,14806
Uma Martinez,67976,49,Seattle,10332
Zach Smith,173033,44,Cincinnati,25515
Zach Taylor,183337,31,Chicago,49706
Xavier Johnson,154516,40,Houston,7860
Frank Martin,62560,42,Indianapolis,8008
Olivia Perez,134654,58,Detroit,24229
Emma Johnson,163175,39,Detroit,29452
Grace Johnson,60172,27,Pittsburgh,5104
Peter Hernandez,117655,37,San Francisco,14948
Mia Lewis,129739,26,Chicago,22738
Olivia Smith,131660,59,Cleveland,18069
Zach Garcia,51375,44,San Francisco,6839
Charlie White,94975,47,Phoenix,6859
Zach Harris,83405,57,Seattle,8249
Thomas Garcia,78220,27,Seattle,18305
Leo Robinson,141129,38,San Francisco,25016
Leo Garcia,127888,55,Pittsburgh,35605
Emma Jones,101683,60,Boston,12036
John Thomas,64458,63,Tampa,18536
Victor Williams,60326,49,Austin,7630
Leo Hall,161469,65,Los Angeles,17363
Peter Thompson,188221,48,Philadelphia,34859
Thomas Lee,120094,41,Washington DC,9153
Ryan Gonzalez,120534,60,Pittsburgh,12238
Leo Perez,91186,60,Austin,15627
Alice Davis,77868,40,Houston,14239
Thomas Jackson,169701,39,Washington DC,10632
Thomas Perez,68946,37,Detroit,19891
Henry Harris,87061,48,Washington DC,9425
Henry Lewis,125766,39,Pittsburgh,8865
Charlie White,95019,28,Cincinnati,10163
Frank Garcia,194116,26,Denver,19916
Grace Martinez,104886,63,Phoenix,9360
Leo Anderson,152691,41,Phoenix,22338
Jane Anderson,199213,54,Cleveland,29336
Yara Jones,94315,33,Orlando,8958
Jack Walker,100377,47,Portland,5260
Noah Wilson,85838,60,Philadelphia,18033
Olivia Hernandez,157371,52,Los Angeles,15432
Zach Miller,183100,34,Baltimore,28139
Grace Brown,98125,50,Pittsburgh,29363
Jack Williams,159250,35,Houston,15554
Ivy Perez,163586,26,Pittsburgh,40921
Wendy Johnson,156886,22,Orlando,14880
Bob Thompson,185534,24,Baltimore,23648
Yara Martinez,140928,33,Cleveland,15338
Henry Hernandez,164694,65,Seattle,20756
Zach Martin,151563,28,Washington DC,40517
Bob Smith,135845,63,Pittsburgh,17321
John Garcia,162036,50,Washington DC,20815
Thomas Brown,90737,22,Orlando,6902
Bob Williams,129662,33,St. Louis,23509
Xavier Lewis,132672,31,Phoenix,14983
Jane Perez,187446,48,Washington DC,17249
Ivy Lee,175025,26,Nashville,31845
Mia Williams,164841,42,Miami,17445
Xavier Davis,108825,43,Detroit,8087
John Harris,134908,31,Orlando,20983
Victor Lopez,84485,53,San Diego,22031
Zach Lewis,185082,55,Austin,18430
Grace Hall,73051,40,Denver,4082
Alice White,135258,37,Washington DC,33607
Uma Johnson,169371,32,Indianapolis,26468
Ryan White,180249,24,Houston,25815
John Johnson,196857,54,Boston,52639
Jane Thomas,167994,43,Nashville,18335
Sophia Clark,134139,41,Seattle,17815
Victor Jones,130530,63,St. Louis,12884
Henry Walker,190136,58,San Francisco,19326
Grace Wilson,147305,35,Dallas,22884
Xavier Johnson,80212,51,Seattle,7546
Jane Robinson,109509,55,Kansas City,12242
Frank Brown,111724,30,San Francisco,11815
Grace White,180003,22,Boston,13190
Mia Martin,74615,62,Indianapolis,17934
Noah Taylor,72900,29,Atlanta,18069
Xavier Walker,173698,60,Baltimore,17323
Emma Jones,158705,23,Boston,15005
Ryan Taylor,170515,25,Cleveland,46896
Victor Harris,186054,31,New York,16232
David Rodriguez,188303,50,Detroit,25661
Yara Lopez,152317,49,Pittsburgh,18385
John Jones,71003,36,Indianapolis,3873
Olivia Hall,114378,63,Portland,11145
Thomas Thompson,178447,50,Houston,15386
Victor Wilson,139915,27,Indianapolis,11229
Wendy Martin,183960,54,Miami,16857
Frank Garcia,184992,35,Charlotte,28927
Sophia Johnson,57188,45,St. Louis,3586
Victor Robinson,163555,63,San Diego,16580
Zach Johnson,117079,34,Portland,9744
Wendy Williams,126030,44,San Francisco,16194
Quinn Lewis,73468,62,Boston,10592
Olivia Harris,93993,59,New York,10197
Zach Gonzalez,130227,46,Los Angeles,38663
Ivy White,103168,39,Seattle,14414
Sophia Anderson,196300,34,Philadelphia,29673
Emma Lopez,102990,25,Tampa,6757
Xavier Anderson,185328,46,Seattle,17631
David Lopez,82154,28,Phoenix,10997
John Davis,197823,37,Pittsburgh,16563
Yara Moore,133847,42,Tampa,18120
Charlie Williams,158075,40,San Diego,34563
Olivia Rodriguez,190106,43,St. Louis,17658
Thomas White,135824,57,Seattle,25456
Mia Williams,123020,41,Indianapolis,12388
Charlie Rodriguez,110824,62,Seattle,20345
Sophia Gonzalez,191097,46,San Francisco,15141
Victor Lewis,67200,55,Indianapolis,6416
Bob Hernandez,165967,29,Los Angeles,17901
Jane Rodriguez,179828,39,Atlanta,44318
Henry Lewis,119402,24,Detroit,22199
Sophia Williams,92587,45,Detroit,15708
Leo Jackson,189919,56,Austin,13576
Yara Williams,69373,52,Baltimore,5146
Henry Moore,195221,35,Chicago,13891
Charlie Gonzalez,155079,39,Tampa,29333
Emma White,89362,56,Seattle,8894
Leo Anderson,102036,43,Portland,6216
Jack Hall,197425,36,San Diego,18647
Kate White,142840,42,Phoenix,10011
Zach Gonzalez,137338,50,Tampa,22891
Uma Lopez,159902,32,Seattle,29166
Uma Gonzalez,144928,55,Chicago,22500
John Martinez,105212,40,Houston,11301
Peter Jackson,83170,34,Portland,14365
Zach Robinson,82968,43,Houston,10296
Alice Taylor,152627,51,Baltimore,24257
Frank Anderson,96273,32,Denver,8425
Thomas Moore,68471,36,Charlotte,5788
Leo Martinez,76293,37,Portland,13313
Ryan Davis,101049,25,Minneapolis,10751
Charlie Jones,172572,29,Dallas,22198
Charlie Johnson,198960,62,Cleveland,18450
Wendy Robinson,116245,37,Portland,9281
Xavier Lee,58964,55,Minneapolis,9578
Uma Garcia,63679,63,Cincinnati,7173
Ivy Smith,186958,60,Cincinnati,56034
Frank Taylor,65426,61,Washington DC,8734
Xavier Miller,157515,52,Nashville,16944
Noah Jones,58887,46,Washington DC,4073
Quinn Gonzalez,148421,58,Charlotte,27383
Uma Johnson,172506,60,Miami,19772
Xavier Robinson,82088,41,Orlando,4764
Alice Moore,140045,51,Austin,22152
Ivy Clark,106146,30,Austin,11867
Jack Smith,182950,29,Portland,24474
Bob Johnson,183454,50,Detroit,15642
Charlie Martinez,177553,35,Tampa,19233
Mia Johnson,78992,31,Charlotte,10983
Thomas Jones,148370,28,Houston,9336
Thomas White,76259,47,Pittsburgh,9228
Olivia Thompson,166050,28,Nashville,18193
Thomas Gonzalez,56729,42,Nashville,2842
Kate Martinez,69980,36,Denver,11704
John Lewis,190603,42,Minneapolis,42907
Olivia Davis,108620,22,Washington DC,16110
Frank Lewis,72305,60,Cincinnati,6090
Noah Lee,66761,38,Baltimore,11759
Victor Wilson,198784,39,Tampa,27006
Jane Moore,97177,22,Denver,23033
Quinn Rodriguez,85077,22,Orlando,8912
Zach Hernandez,93540,42,Nashville,6362
John Davis,105761,42,San Diego,18268
Thomas Jones,120760,32,Pittsburgh,22392
Quinn Lee,118702,57,Cincinnati,11634
Quinn Lee,134566,38,Washington DC,18428
Olivia Smith,162601,50,Denver,29315
Jane Johnson,75744,37,Atlanta,7876
Charlie Perez,124870,29,Los Angeles,20527
Henry Lee,131384,22,Charlotte,17483
Jack Jones,130878,31,Washington DC,24191
David Walker,70079,38,Philadelphia,10920
Alice Jackson,69903,37,Orlando,10215
Quinn Smith,75776,53,Boston,12866
Olivia Johnson,163014,24,Seattle,16391
Bob Anderson,152923,59,Boston,19126
Henry Wilson,146634,27,New York,24027
Olivia Robinson,82425,25,Tampa,18571
Sophia Lopez,51363,58,Seattle,14692
David Perez,102997,43,Washington DC,18720
Sophia Martin,176631,29,Cleveland,28143
David Perez,161943,37,Philadelphia,17541
Thomas Moore,114693,25,Tampa,18591
Leo Wilson,157511,39,Chicago,35847
Xavier Gonzalez,129807,58,Orlando,23467
Victor Clark,75476,34,Austin,8532
Frank Smith,157372,52,Miami,37068
Wendy Lee,112914,62,Phoenix,9794
Ryan Perez,150922,61,Portland,21624
David Jones,155175,37,Miami,8168
Emma Thomas,111924,25,Tampa,8698
Wendy Miller,128408,63,Boston,13424
Peter Lewis,114578,42,Philadelphia,27571
Frank Harris,102793,37,Indianapolis,6462
Frank Taylor,122547,56,Seattle,11509
Ryan Taylor,110090,55,Atlanta,29863
Leo Rodriguez,164483,50,St. Louis,16064
Leo Anderson,75871,53,Orlando,4860
Victor Clark,183772,39,Baltimore,48413
Kate Hernandez,96860,24,Cleveland,11913
Henry Martinez,59393,39,Dallas,8351
Xavier Lewis,184773,26,San Francisco,25899
Thomas Lopez,102511,65,Indianapolis,13617
Henry Clark,50208,41,Orlando,7854
Bob Rodriguez,148506,60,San Francisco,33232
Emma Walker,159337,25,St. Louis,33974
Grace Garcia,172891,48,Nashville,42465
Leo Taylor,106188,26,Tampa,9938
Charlie Robinson,97952,61,San Diego,17515
Wendy Gonzalez,119139,34,New York,11847
David Jones,84971,62,St. Louis,6825
Yara Thomas,51743,63,Cleveland,3552
Zach Hall,185551,61,Baltimore,22377
Ivy Davis,189029,52,Portland,10663
Yara Lopez,54211,60,Cincinnati,5890
Frank Rodriguez,98270,40,Houston,15215
Charlie Hernandez,91291,51,Los Angeles,5082
Alice Moore,144601,43,Atlanta,14439
Yara Thompson,189080,54,Atlanta,44608
Victor Lee,92301,48,Pittsburgh,6707
Noah Gonzalez,195085,25,Los Angeles,34406
Henry Jones,107342,65,Minneapolis,19804
Alice Perez,90620,54,Chicago,10708
David Johnson,79435,39,Kansas City,5163
Sophia Clark,52045,25,Portland,7115
Alice Clark,109348,22,Washington DC,30968
David White,173136,29,Portland,30134
Yara Moore,95010,22,Austin,9426
Kate Garcia,102094,43,Indianapolis,13378
Jane Thomas,89103,45,Tampa,5833
Olivia Martinez,104832,46,Boston,18646
Uma White,112107,27,Cleveland,20838
Mia Harris,86051,32,Dallas,10187
Zach Thompson,147720,41,Orlando,20354
John Taylor,86542,39,Boston,6206
Victor Garcia,120073,49,Detroit,16452
Henry Anderson,88642,50,Seattle,6187
Charlie Robinson,147279,27,Cleveland,17209
David Harris,103275,32,Detroit,7282
Emma Wilson,111886,35,Pittsburgh,14538
Henry Brown,104219,36,Denver,5935
Kate Davis,117245,63,Boston,33900
Charlie Moore,188381,38,New York,15170
Ryan Rodriguez,129490,31,Kansas City,15445
Yara Harris,183100,25,Philadelphia,9389
Henry Martin,188181,34,Miami,34015
Emma Williams,158038,59,Orlando,13480
Leo Garcia,197094,60,Chicago,22434
Yara Robinson,53222,30,Chicago,8324
Alice Perez,171147,55,Cincinnati,20085
Jack Martin,96428,49,Dallas,24005
Jane Anderson,90539,28,Denver,12719
Henry Martin,139084,29,Washington DC,18045
Charlie Clark,191270,40,Cincinnati,55541
Alice Williams,181196,54,Washington DC,26880
Jack Johnson,109287,36,Miami,20547
Emma Martin,139867,58,San Diego,7601
Yara Wilson,73848,54,Los Angeles,3996
Emma Anderson,151167,22,Kansas City,19339
Thomas Lewis,166107,55,Los Angeles,27982
Emma Smith,134950,48,Kansas City,22504
Frank Brown,52968,64,Detroit,4002
Mia Wilson,122431,33,Cincinnati,21948
Olivia Brown,128056,34,Pittsburgh,9868
David Johnson,181685,58,Atlanta,24670
Xavier Hernandez,82992,28,Tampa,12849
Quinn Lopez,144956,53,Charlotte,27440
John Jones,96204,56,Cleveland,9332
Charlie Robinson,155868,26,Charlotte,37648
Ivy Johnson,197046,34,Miami,19611
Leo Johnson,107496,59,Austin,5781
Wendy Taylor,172780,29,Detroit,23552
Uma Jackson,88064,48,Philadelphia,6904
Yara Martinez,52278,27,Boston,6879
Yara White,51819,49,Philadelphia,3459
David Thompson,80470,57,Miami,5128
Wendy Hall,177319,22,Pittsburgh,18044
Peter Miller,198920,48,San Diego,36986
Grace Gonzalez,140403,65,Indianapolis,10538
Emma Lopez,83667,55,Phoenix,11022
Wendy Wilson,169421,59,New York,22980
Sophia Moore,111802,43,Atlanta,17627
Ivy Smith,136089,64,Cincinnati,18164
John Perez,169809,36,Pittsburgh,19920
Frank Wilson,192352,52,Philadelphia,33498
David Brown,63790,23,Tampa,17901
Victor Hernandez,144057,24,Portland,19305
Olivia Perez,184637,22,San Diego,14723
Peter Rodriguez,190841,62,Atlanta,10380
Ivy White,176771,65,Orlando,16301
Xavier Robinson,157822,38,Washington DC,39950
Grace Johnson,117104,51,San Francisco,15459
Grace Johnson,191224,46,Washington DC,31355
Leo White,197531,43,Cleveland,36925
David Martinez,105483,55,Charlotte,8325
John Davis,193330,59,Boston,28714
Jack Rodriguez,68408,65,New York,11773
Emma Jones,92068,64,Dallas,10692
Yara Taylor,133852,25,Boston,12890
Quinn Martin,171198,44,Seattle,25355
Emma Perez,185491,31,St. Louis,29149
Noah Garcia,170187,48,Atlanta,19792
Olivia Davis,161252,49,Tampa,41222
Xavier Martin,142134,42,Detroit,9097
Ryan Harris,139238,59,Miami,8358
Quinn Miller,97398,56,Phoenix,9776
Ryan Miller,107969,46,Indianapolis,6024
Leo Robinson,92574,37,St. Louis,6118
Leo Lewis,196298,41,Miami,23505
Noah Thompson,120117,43,Orlando,14470
Sophia Brown,141741,36,Chicago,23424
Noah Garcia,141833,26,Seattle,17129
Charlie Miller,151511,38,St. Louis,40197
John Clark,60532,37,Cleveland,7552
Charlie Thomas,65011,61,Portland,6532
Olivia Lee,172949,58,Phoenix,15375
Sophia Taylor,80949,25,Denver,23598
David Martin,52931,25,New York,7329
Quinn Garcia,105947,51,Tampa,19470
Olivia Taylor,98358,27,Pittsburgh,6641
Ivy White,197394,32,Portland,22405
Peter Hall,112535,22,Cleveland,14737
Quinn Robinson,131024,32,Houston,13465
Yara Martin,169615,60,Portland,15789
Grace Martinez,53956,64,Seattle,3690
Olivia Walker,152750,60,Tampa,19469
Uma White,157958,55,Boston,21662
Charlie Harris,72817,53,Los Angeles,18610
David Hernandez,159316,40,Portland,29739
Wendy Martin,102535,63,Miami,27869
Xavier Johnson,182386,42,Cincinnati,30898
Uma Hernandez,187566,50,Detroit,9477
David Clark,122348,29,San Francisco,31788
Xavier Miller,157422,60,Cleveland,22993
Ivy Clark,192740,31,Nashville,15318
Henry Hernandez,199753,37,San Francisco,36585
Xavier Gonzalez,82570,60,Cleveland,5998
John White,159657,34,Tampa,44066
Peter Clark,76138,34,Miami,20530
Henry Taylor,186270,48,Austin,28580
Yara Perez,124040,48,Cincinnati,23119
Olivia Walker,122424,34,Cleveland,15027
Jack Perez,100461,52,San Diego,16898
Henry Davis,153946,25,Minneapolis,20268
David Jones,60692,23,Cincinnati,4994
Peter Jackson,125192,62,Charlotte,12266
Wendy Wilson,88716,40,Dallas,10629
Kate Rodriguez,198391,57,Chicago,33156
Xavier Brown,143587,27,Miami,15711
Alice Gonzalez,161984,45,Austin,24449
Ivy Perez,130594,53,New York,13714
Noah Thompson,143763,44,Cincinnati,40873
Peter Anderson,147163,36,Phoenix,16751
Frank Walker,83482,56,Orlando,6308
David White,104470,33,Dallas,12486
Peter Miller,171272,54,Chicago,43284
Leo Thomas,82345,46,Indianapolis,10915
Wendy Johnson,100894,35,Charlotte,15901
Frank Brown,127066,23,Washington DC,6850
Alice Wilson,153505,56,Cleveland,27441
Yara Martinez,107043,38,Philadelphia,26008
Peter Walker,180460,23,Kansas City,21238
Mia Lee,107562,58,Denver,30028
Yara Jones,81885,62,Cincinnati,12905
Alice Rodriguez,85764,26,Los Angeles,16002
Victor Jones,195604,39,Houston,53753
Wendy Walker,122931,38,Washington DC,11218
Peter Rodriguez,155067,64,San Diego,28759
Henry Hernandez,108816,61,St. Louis,28541
Ivy Williams,133936,61,Charlotte,18961
Noah Taylor,133374,48,Seattle,32771
Uma Davis,147247,53,Phoenix,9912
Yara Jones,91956,34,Dallas,19801
Xavier Hernandez,137432,34,Kansas City,17094
Frank Moore,164316,29,St. Louis,36609
Kate Lee,108996,34,Philadelphia,25706
Kate Clark,141491,55,Los Angeles,16079
Bob Robinson,188434,40,San Diego,14804
Grace Hall,163824,34,Washington DC,20194
Kate Rodriguez,171379,65,Chicago,25525
Olivia Martin,64112,65,Houston,7186
Quinn Johnson,150054,38,Portland,36954
Quinn Hernandez,96971,22,Seattle,8233
Yara Jackson,176664,55,Nashville,51274
John Williams,141968,31,Denver,29852
Leo Gonzalez,56159,29,Washington DC,8161
Jack Garcia,115148,44,Cleveland,17390
Grace Perez,154437,38,Cincinnati,10512
Emma Johnson,188298,32,Denver,22506
John Johnson,91471,24,Phoenix,7617
Alice Lewis,173631,54,St. Louis,36794
Uma Brown,79470,26,Portland,19812
Olivia Johnson,170125,23,Cincinnati,24763
Quinn Lee,161403,42,Baltimore,22714
Leo Martinez,146901,60,Houston,22581
Kate White,83967,49,Portland,14246
Emma Lopez,97525,54,Atlanta,10094
Jack Garcia,166886,63,Houston,43163
Jane Anderson,86938,46,Austin,5950
Alice Wilson,118240,25,Philadelphia,20439
Xavier Thompson,105519,49,Cincinnati,14181
Kate Jones,191411,43,Baltimore,42074
Xavier Hall,117713,56,Detroit,8661
Victor Lopez,182684,36,Chicago,12020
Leo Walker,93731,57,Phoenix,12693
Emma Hernandez,70322,48,Denver,8744
Jack Wilson,50797,22,Indianapolis,6126
Frank Brown,163862,41,Orlando,21619
Olivia Harris,102588,31,Washington DC,16717
Henry Lewis,133687,54,St. Louis,8760
Peter Johnson,174355,23,Dallas,29610
Alice Robinson,173990,28,Houston,13636
Jack Brown,53256,61,Miami,6449
Jane Harris,103500,22,Boston,11474
Frank Davis,150677,31,Orlando,10624
Mia Harris,157238,36,Cincinnati,14250
Uma Jackson,167428,38,Philadelphia,22458
Mia Lopez,191809,32,Washington DC,24249
Jane Thomas,99422,27,Baltimore,23848
Henry Garcia,189976,33,Atlanta,26745
Charlie Martin,116782,65,San Francisco,6768
John Hall,94152,35,San Diego,8338
Leo Garcia,77466,23,Baltimore,14250
Charlie Lee,193446,56,Denver,20561
Olivia Clark,193668,65,Pittsburgh,50326
Ryan White,111555,51,Kansas City,13694
Peter Jones,171743,65,Dallas,29268
John Davis,101913,34,Boston,27093
Frank Hernandez,176674,40,Cincinnati,28928
Xavier Walker,139158,25,Minneapolis,8785
Uma Miller,141392,46,Denver,10952
Grace Moore,75860,34,Minneapolis,8486
Jack Garcia,150511,63,Dallas,25035
Peter Davis,51161,50,San Francisco,5463
Charlie Lewis,125302,23,Seattle,21584
Bob Jackson,99945,28,Cincinnati,10480
John Perez,149146,22,Portland,27971
Alice Anderson,52312,59,San Diego,9843
Ryan Lee,108888,49,Cleveland,18366
Sophia Lewis,81125,53,Houston,22336
Olivia Martin,150282,38,St. Louis,37864
Jack Wilson,158501,56,Austin,43158
Charlie Martin,126185,59,Dallas,23930
Zach Lewis,71977,41,Denver,8617
Olivia Smith,155228,22,Washington DC,16280
Ivy Smith,56738,22,Los Angeles,8596
Grace Thompson,198047,35,Houston,27975
Kate Rodriguez,155462,35,Boston,11549
Bob Robinson,120563,49,Charlotte,20806
David Lopez,109905,51,Atlanta,17961
Alice Davis,173621,36,San Francisco,27578
Yara Moore,137760,46,Pittsburgh,24680
Zach Martin,140394,32,Baltimore,40598
Jack Anderson,180043,36,Los Angeles,12902
Wendy Lopez,64791,46,Seattle,6055
Olivia Miller,157475,62,Detroit,11890
John Miller,79439,33,Dallas,6681
Ivy Hall,55427,29,Detroit,6439
Leo Lewis,122687,57,Cincinnati,21329
Xavier Hernandez,128128,38,Detroit,26936
Xavier Lewis,56008,33,Portland,8206
Grace Hall,190857,59,Seattle,14662
Henry Garcia,143962,53,Tampa,37896
Noah Thomas,111105,25,Indianapolis,14855
Mia Jackson,193557,30,Atlanta,25455
John Clark,78460,34,Portland,9746
Frank Anderson,90169,33,Pittsburgh,11625
Charlie Harris,135870,43,Washington DC,6838
Sophia Martin,66741,63,Atlanta,5980
Wendy Johnson,78722,55,Cleveland,11923
Xavier Lee,171116,44,Boston,44317
Noah Williams,161320,39,Portland,18920
Wendy Lewis,120887,62,Pittsburgh,22405
Uma Johnson,79202,42,Cleveland,14817
Mia Jackson,187368,25,Dallas,31989
Alice Perez,184265,30,Orlando,17324
Wendy Perez,131048,36,Detroit,17779
Victor Martin,68385,48,San Francisco,5512
Mia Davis,121613,63,Pittsburgh,34743
Victor Walker,179046,52,Philadelphia,14447
Henry Anderson,193245,40,New York,21591
Victor Williams,111025,60,Philadelphia,5576
Sophia Thompson,152541,35,Los Angeles,12502
Olivia Taylor,59393,46,San Diego,10539
Ivy Harris,131419,38,San Diego,11479
Sophia Taylor,193973,39,Boston,25477
Alice Anderson,53464,53,St. Louis,6619
Mia Martinez,139129,43,Minneapolis,21597
Peter Perez,138268,55,Baltimore,20187
Thomas Robinson,182146,29,Boston,12846
Yara Jackson,135919,24,Philadelphia,18513
Grace Lopez,168270,45,St. Louis,37158
Ryan Wilson,72347,47,Charlotte,9534
Ryan Wilson,97037,42,Indianapolis,8499
Victor Taylor,124682,49,Orlando,15603
Kate White,54076,31,Los Angeles,9305
Uma Smith,178971,33,Orlando,20208
Bob Gonzalez,146299,43,Indianapolis,11908
Emma Anderson,124189,32,New York,13248
Noah Jones,70889,42,Detroit,12830
